F1,Precision,Recall
0.99987320907823,1.0,0.9997464503042597
