F1,Precision,Recall
0.9980265012686778,0.998589562764457,0.9974640743871513
