F1,Precision,Recall
0.9978302488832164,0.9994886218358476,0.996177370030581
