F1,Precision,Recall
0.9974548231102062,0.9969473416433478,0.9979628214922333
