F1,Precision,Recall
0.9985873892384743,0.9994858611825193,0.9976905311778291
