F1,Precision,Recall
0.9784721367941936,0.9930087390761548,0.9643549951503395
