F1,Precision,Recall
0.9996185632549269,1.0,0.9992374173868835
