F1,Precision,Recall
0.9866903283052352,0.981094025712125,0.9923508414074452
