F1,Precision,Recall
0.99644128113879,0.9989023051591658,0.99399235390497
