F1,Precision,Recall
0.9992333248147202,1.0,0.998467824310521
