F1,Precision,Recall
0.9975288303130149,0.999724821133737,0.9953424657534247
