F1,Precision,Recall
0.9849129593810445,0.9904045643153527,0.9794819184406258
