F1,Precision,Recall
0.8895816242821986,0.9963248805586181,0.8034973325429757
