F1,Precision,Recall
0.9973677913376405,0.9978453435480009,0.9968906960057402
