F1,Precision,Recall
0.9954325259515571,1.0,0.9909065858363185
