F1,Precision,Recall
0.9997522913054249,1.0,0.9995047052996533
