F1,Precision,Recall
0.9939879759519038,0.9979879275653923,0.9900199600798403
