F1,Precision,Recall
0.9964503042596349,0.9989832231825114,0.9939301972685888
