F1,Precision,Recall
0.996993987975952,0.9964947421131698,0.9974937343358395
