F1,Precision,Recall
0.9969742813918305,0.9969742813918305,0.9969742813918305
