F1,Precision,Recall
0.9673428995546759,0.9697420634920635,0.9649555774925962
