F1,Precision,Recall
0.9982460536206464,1.0,0.9964982491245623
