F1,Precision,Recall
0.9827110999749437,0.9736842105263158,0.9919069296914517
