F1,Precision,Recall
0.9997470275739945,1.0,0.9994941831057157
