F1,Precision,Recall
0.9950714637752588,0.9975296442687747,0.9926253687315634
