F1,Precision,Recall
0.9984631147540983,0.9989748846745259,0.9979518689196109
