F1,Precision,Recall
0.9970414201183432,0.9985185185185185,0.9955686853766618
