F1,Precision,Recall
0.9798857710454433,0.9914572864321608,0.9685812469317624
