F1,Precision,Recall
0.7982937233394272,0.987189148455162,0.670076726342711
