F1,Precision,Recall
0.9955489614243324,0.9965346534653465,0.9945652173913043
