F1,Precision,Recall
0.9945219123505976,0.9994994994994995,0.9895936570862239
